date[YYYYDDD],date,product,band,min,max,sum,range,mean,variance,standard_deviation,tot_pixels,pixels_pass_qa,per_cent_pixels_pass_qa
A2012025,2012-01-25,VNP21A2,LST_Day_1KM,293.2800,306.6400,87267.3516,13.3600,301.9632,6.0752,2.4648,289,289,100.00
A2012033,2012-02-02,VNP21A2,LST_Day_1KM,292.9200,307.8800,87502.4062,14.9600,302.7765,7.2024,2.6837,289,289,100.00
A2012041,2012-02-10,VNP21A2,LST_Day_1KM,294.6800,309.8800,88169.1641,15.2000,305.0836,7.4253,2.7249,289,289,100.00
A2012049,2012-02-18,VNP21A2,LST_Day_1KM,297.0600,315.0200,89549.8047,17.9600,309.8609,9.3062,3.0506,289,289,100.00
A2012057,2012-02-26,VNP21A2,LST_Day_1KM,295.5400,315.9000,89853.1875,20.3600,310.9107,9.8212,3.1339,289,289,100.00
A2012065,2012-03-05,VNP21A2,LST_Day_1KM,295.1800,315.5000,89727.5312,20.3200,310.4759,9.2991,3.0494,289,289,100.00
A2012073,2012-03-13,VNP21A2,LST_Day_1KM,298.9000,320.6600,91232.8516,21.7600,315.6846,10.2122,3.1956,289,289,100.00
A2012081,2012-03-21,VNP21A2,LST_Day_1KM,299.9600,324.0600,91924.5547,24.1000,318.0780,13.3479,3.6535,289,289,100.00
A2012089,2012-03-29,VNP21A2,LST_Day_1KM,305.8000,325.5600,92455.1641,19.7600,319.9141,10.1324,3.1831,289,289,100.00
A2012097,2012-04-06,VNP21A2,LST_Day_1KM,303.2200,329.1400,93120.3359,25.9200,322.2157,12.1516,3.4859,289,289,100.00
A2012105,2012-04-14,VNP21A2,LST_Day_1KM,305.2600,325.2200,92223.4375,19.9600,319.1122,9.5254,3.0863,289,289,100.00
A2012113,2012-04-22,VNP21A2,LST_Day_1KM,303.8000,325.7200,92063.7500,21.9200,318.5597,10.4270,3.2291,289,289,100.00
A2012121,2012-04-30,VNP21A2,LST_Day_1KM,304.1400,328.0200,93121.2656,23.8800,322.2189,10.2550,3.2023,289,289,100.00
A2012129,2012-05-08,VNP21A2,LST_Day_1KM,304.4400,327.4400,92846.8750,23.0000,321.2695,8.3045,2.8818,289,289,100.00
A2012137,2012-05-16,VNP21A2,LST_Day_1KM,305.4200,322.7000,91792.8359,17.2800,317.6223,6.1990,2.4898,289,289,100.00
A2012145,2012-05-24,VNP21A2,LST_Day_1KM,307.7600,330.5000,93612.6094,22.7400,323.9191,10.6899,3.2695,289,289,100.00
A2012153,2012-06-01,VNP21A2,LST_Day_1KM,303.5800,323.2000,91610.4062,19.6200,316.9910,7.5951,2.7559,289,289,100.00
A2012161,2012-06-09,VNP21A2,LST_Day_1KM,308.2200,331.5200,93526.9922,23.3000,323.6228,12.3211,3.5101,289,289,100.00
A2012169,2012-06-17,VNP21A2,LST_Day_1KM,305.1800,325.4600,92028.0547,20.2800,318.4362,7.9024,2.8111,289,289,100.00
A2012177,2012-06-25,VNP21A2,LST_Day_1KM,305.4400,326.1200,92728.4141,20.6800,320.8596,8.9736,2.9956,289,289,100.00
A2012185,2012-07-03,VNP21A2,LST_Day_1KM,304.4600,335.3800,92728.0469,30.9200,324.2239,23.6450,4.8626,289,286,98.96
A2012193,2012-07-11,VNP21A2,LST_Day_1KM,306.8400,330.6600,92318.5625,23.8200,319.4414,22.5647,4.7502,289,289,100.00
A2012201,2012-07-19,VNP21A2,LST_Day_1KM,305.4200,330.1200,91057.6719,24.7000,318.3835,14.3102,3.7829,289,286,98.96
A2012209,2012-07-27,VNP21A2,LST_Day_1KM,310.8800,329.0600,12696.3604,18.1800,317.4090,21.9584,4.6860,289,40,13.84
A2012217,2012-08-04,VNP21A2,LST_Day_1KM,304.2600,331.2800,5738.2407,27.0200,318.7911,50.7051,7.1208,289,18,6.23
A2012225,2012-08-12,VNP21A2,LST_Day_1KM,302.3600,313.1200,76102.0781,10.7600,308.1056,4.3205,2.0786,289,247,85.47
A2012233,2012-08-20,VNP21A2,LST_Day_1KM,282.8200,347.4600,16004.1182,64.6400,307.7715,185.3404,13.6140,289,52,17.99
A2012241,2012-08-28,VNP21A2,LST_Day_1KM,284.8800,337.1000,85580.2422,52.2200,308.9539,29.4170,5.4237,289,277,95.85
A2012249,2012-09-05,VNP21A2,LST_Day_1KM,254.7000,333.1400,86047.4844,78.4400,306.2188,31.1447,5.5807,289,281,97.23
A2012257,2012-09-13,VNP21A2,LST_Day_1KM,295.7200,315.5000,88718.1953,19.7800,308.0493,12.5913,3.5484,289,288,99.65
A2012265,2012-09-21,VNP21A2,LST_Day_1KM,303.3000,313.3600,89412.4219,10.0600,309.3855,2.8135,1.6774,289,289,100.00
A2012273,2012-09-29,VNP21A2,LST_Day_1KM,304.9600,318.2200,90790.6172,13.2600,314.1544,3.0490,1.7461,289,289,100.00
A2012281,2012-10-07,VNP21A2,LST_Day_1KM,303.4200,317.6000,90471.9297,14.1800,313.0517,3.6910,1.9212,289,289,100.00
A2012289,2012-10-15,VNP21A2,LST_Day_1KM,302.6600,315.8400,89830.9141,13.1800,310.8336,4.8856,2.2103,289,289,100.00
A2012297,2012-10-23,VNP21A2,LST_Day_1KM,301.6600,315.6000,89908.5234,13.9400,311.1021,5.3710,2.3175,289,289,100.00
A2012305,2012-10-31,VNP21A2,LST_Day_1KM,299.6800,312.8000,89178.9297,13.1200,308.5776,4.4888,2.1187,289,289,100.00
A2012313,2012-11-08,VNP21A2,LST_Day_1KM,298.8400,312.2200,88968.0312,13.3800,307.8479,5.1473,2.2688,289,289,100.00
A2012321,2012-11-16,VNP21A2,LST_Day_1KM,297.0800,310.3000,88444.4062,13.2200,306.0360,4.3838,2.0938,289,289,100.00
A2012329,2012-11-24,VNP21A2,LST_Day_1KM,295.9400,308.9200,88005.0078,12.9800,304.5156,4.7358,2.1762,289,289,100.00
A2012337,2012-12-02,VNP21A2,LST_Day_1KM,295.9600,310.4400,88157.8438,14.4800,305.0444,6.2315,2.4963,289,289,100.00
A2012345,2012-12-10,VNP21A2,LST_Day_1KM,294.1400,307.2800,87518.0859,13.1400,302.8307,4.3975,2.0970,289,289,100.00
A2012353,2012-12-18,VNP21A2,LST_Day_1KM,294.8000,308.3200,87703.4609,13.5200,303.4722,4.9659,2.2284,289,289,100.00
A2012361,2012-12-26,VNP21A2,LST_Day_1KM,293.5800,306.2400,87088.7266,12.6600,301.3451,4.2604,2.0641,289,289,100.00
A2013001,2013-01-01,VNP21A2,LST_Day_1KM,291.2400,303.9400,86468.5391,12.7000,299.1991,4.8941,2.2123,289,289,100.00
A2013009,2013-01-09,VNP21A2,LST_Day_1KM,293.6000,308.1600,87738.0312,14.5600,303.5918,4.8879,2.2109,289,289,100.00
A2013017,2013-01-17,VNP21A2,LST_Day_1KM,291.3600,301.5600,86248.0391,10.2000,298.4361,3.0167,1.7369,289,289,100.00
A2013025,2013-01-25,VNP21A2,LST_Day_1KM,293.4000,306.2800,87434.3125,12.8800,302.5409,4.2602,2.0640,289,289,100.00
A2013033,2013-02-02,VNP21A2,LST_Day_1KM,292.8400,303.0800,86786.3125,10.2400,300.2986,2.0971,1.4481,289,289,100.00
A2013041,2013-02-10,VNP21A2,LST_Day_1KM,293.5400,307.8800,87563.9219,14.3400,302.9893,4.3464,2.0848,289,289,100.00
A2013049,2013-02-18,VNP21A2,LST_Day_1KM,296.3400,309.9000,88141.3516,13.5600,304.9874,4.3522,2.0862,289,289,100.00
A2013057,2013-02-26,VNP21A2,LST_Day_1KM,299.0200,317.5000,90021.8984,18.4800,311.4944,8.2493,2.8722,289,289,100.00
A2013065,2013-03-06,VNP21A2,LST_Day_1KM,299.8800,318.1200,90646.1250,18.2400,313.6544,7.0363,2.6526,289,289,100.00
A2013073,2013-03-14,VNP21A2,LST_Day_1KM,299.9800,321.3000,91118.2109,21.3200,315.2879,10.2830,3.2067,289,289,100.00
A2013081,2013-03-22,VNP21A2,LST_Day_1KM,299.7200,321.4600,91100.5781,21.7400,315.2269,8.3271,2.8857,289,289,100.00
A2013089,2013-03-30,VNP21A2,LST_Day_1KM,301.4800,324.9400,92252.2734,23.4600,319.2120,11.1392,3.3375,289,289,100.00
A2013097,2013-04-07,VNP21A2,LST_Day_1KM,302.5600,323.3200,91538.7422,20.7600,316.7430,11.1488,3.3390,289,289,100.00
A2013105,2013-04-15,VNP21A2,LST_Day_1KM,303.0600,328.9600,92931.5000,25.9000,321.5623,12.6430,3.5557,289,289,100.00
A2013113,2013-04-23,VNP21A2,LST_Day_1KM,305.0200,328.3200,92813.0781,23.3000,321.1525,10.0465,3.1696,289,289,100.00
A2013121,2013-05-01,VNP21A2,LST_Day_1KM,306.2600,330.7600,94106.4922,24.5000,325.6280,11.3338,3.3666,289,289,100.00
A2013129,2013-05-09,VNP21A2,LST_Day_1KM,302.8400,324.8800,92528.7031,22.0400,320.1685,7.7196,2.7784,289,289,100.00
A2013137,2013-05-17,VNP21A2,LST_Day_1KM,304.3200,331.2200,94469.2812,26.9000,326.8833,11.6944,3.4197,289,289,100.00
A2013145,2013-05-25,VNP21A2,LST_Day_1KM,300.9600,326.0200,92609.3125,25.0600,320.4474,9.6073,3.0996,289,289,100.00
A2013153,2013-06-02,VNP21A2,LST_Day_1KM,308.4800,329.2000,93765.4219,20.7200,324.4478,7.6122,2.7590,289,289,100.00
A2013161,2013-06-10,VNP21A2,LST_Day_1KM,307.7800,328.7600,91865.5703,20.9800,317.8739,14.5248,3.8111,289,289,100.00
A2013169,2013-06-18,VNP21A2,LST_Day_1KM,305.2000,325.3600,92065.9141,20.1600,318.5672,10.1158,3.1805,289,289,100.00
A2013177,2013-06-26,VNP21A2,LST_Day_1KM,310.3000,337.6000,92336.9062,27.3000,319.5049,22.6798,4.7623,289,289,100.00
A2013185,2013-07-04,VNP21A2,LST_Day_1KM,305.6800,327.3600,90473.8125,21.6800,314.1452,10.1872,3.1917,289,288,99.65
A2013193,2013-07-12,VNP21A2,LST_Day_1KM,302.4000,381.1000,38891.9844,78.7000,318.7867,97.0839,9.8531,289,122,42.21
A2013201,2013-07-20,VNP21A2,LST_Day_1KM,301.4000,326.7000,78875.5312,25.3000,314.2451,26.9202,5.1885,289,251,86.85
A2013209,2013-07-28,VNP21A2,LST_Day_1KM,278.7800,345.1600,39926.8750,66.3800,304.7853,163.7497,12.7965,289,131,45.33
A2013217,2013-08-05,VNP21A2,LST_Day_1KM,307.3800,324.2000,4695.4399,16.8200,313.0293,16.1250,4.0156,289,15,5.19
A2013225,2013-08-13,VNP21A2,LST_Day_1KM,295.4000,328.5400,76074.9141,33.1400,306.7537,17.9283,4.2342,289,248,85.81
A2013233,2013-08-21,VNP21A2,LST_Day_1KM,299.2400,315.2600,89375.4219,16.0200,309.2575,6.5048,2.5504,289,289,100.00
A2013241,2013-08-29,VNP21A2,LST_Day_1KM,301.6800,315.6800,89057.4531,14.0000,308.1573,3.9117,1.9778,289,289,100.00
A2013249,2013-09-06,VNP21A2,LST_Day_1KM,301.3200,318.3600,90454.7109,17.0400,312.9921,7.2516,2.6929,289,289,100.00
A2013257,2013-09-14,VNP21A2,LST_Day_1KM,305.1800,320.6800,91349.8516,15.5000,316.0894,4.9127,2.2165,289,289,100.00
A2013265,2013-09-22,VNP21A2,LST_Day_1KM,285.6600,333.7400,80676.7578,48.0800,313.9174,43.3637,6.5851,289,257,88.93
A2013273,2013-09-30,VNP21A2,LST_Day_1KM,298.5800,314.8800,88798.6484,16.3000,307.2617,3.9563,1.9890,289,289,100.00
A2013281,2013-10-08,VNP21A2,LST_Day_1KM,303.3800,314.7400,89464.9141,11.3600,309.5672,3.9107,1.9776,289,289,100.00
A2013289,2013-10-16,VNP21A2,LST_Day_1KM,302.3000,317.4800,89733.9922,15.1800,310.4982,5.2904,2.3001,289,289,100.00
A2013297,2013-10-24,VNP21A2,LST_Day_1KM,300.2600,315.9000,89379.6562,15.6400,309.2722,6.6353,2.5759,289,289,100.00
A2013305,2013-11-01,VNP21A2,LST_Day_1KM,299.0000,313.0600,88681.1641,14.0600,306.8552,6.0442,2.4585,289,289,100.00
A2013313,2013-11-09,VNP21A2,LST_Day_1KM,297.6600,310.0800,87945.0000,12.4200,304.3080,5.3847,2.3205,289,289,100.00
A2013321,2013-11-17,VNP21A2,LST_Day_1KM,297.3200,311.8000,88524.8359,14.4800,306.3143,5.2433,2.2898,289,289,100.00
A2013329,2013-11-25,VNP21A2,LST_Day_1KM,297.2000,310.2800,88357.6562,13.0800,305.7358,4.7894,2.1885,289,289,100.00
A2013337,2013-12-03,VNP21A2,LST_Day_1KM,295.1000,307.9800,87798.4453,12.8800,303.8008,4.0902,2.0224,289,289,100.00
A2013345,2013-12-11,VNP21A2,LST_Day_1KM,295.2000,308.3400,87873.7969,13.1400,304.0616,4.1520,2.0376,289,289,100.00
A2013353,2013-12-19,VNP21A2,LST_Day_1KM,292.3200,300.8400,85871.1484,8.5200,297.1320,2.2522,1.5007,289,289,100.00
A2013361,2013-12-27,VNP21A2,LST_Day_1KM,290.7800,302.0000,86066.4453,11.2200,297.8078,3.2172,1.7937,289,289,100.00
A2014001,2014-01-01,VNP21A2,LST_Day_1KM,290.6000,304.6000,86781.4375,14.0000,300.2818,4.2241,2.0553,289,289,100.00
A2014009,2014-01-09,VNP21A2,LST_Day_1KM,289.9600,302.2600,86292.3594,12.3000,298.5895,3.6332,1.9061,289,289,100.00
A2014017,2014-01-17,VNP21A2,LST_Day_1KM,291.5800,302.9800,85972.6641,11.4000,297.4833,3.8764,1.9688,289,289,100.00
A2014025,2014-01-25,VNP21A2,LST_Day_1KM,292.8000,305.9000,87183.8281,13.1000,301.6741,3.5291,1.8786,289,289,100.00
A2014033,2014-02-02,VNP21A2,LST_Day_1KM,294.3200,310.4200,87960.1641,16.1000,304.3604,5.3050,2.3033,289,289,100.00
A2014041,2014-02-10,VNP21A2,LST_Day_1KM,294.2200,308.5800,87616.6406,14.3600,303.1718,5.3184,2.3062,289,289,100.00
A2014049,2014-02-18,VNP21A2,LST_Day_1KM,294.6800,313.3200,88692.9531,18.6400,306.8960,6.8446,2.6162,289,289,100.00
A2014057,2014-02-26,VNP21A2,LST_Day_1KM,295.7000,308.6000,87951.2031,12.9000,304.3294,5.3222,2.3070,289,289,100.00
A2014065,2014-03-06,VNP21A2,LST_Day_1KM,297.4800,315.6800,89612.9531,18.2000,310.0794,8.4354,2.9044,289,289,100.00
A2014073,2014-03-14,VNP21A2,LST_Day_1KM,300.2600,318.9200,90789.6172,18.6600,314.1509,7.5718,2.7517,289,289,100.00
A2014081,2014-03-22,VNP21A2,LST_Day_1KM,300.8000,321.1200,91154.0469,20.3200,315.4119,11.3052,3.3623,289,289,100.00
A2014089,2014-03-30,VNP21A2,LST_Day_1KM,302.3400,322.0400,91354.9766,19.7000,316.1072,9.5071,3.0834,289,289,100.00
A2014097,2014-04-07,VNP21A2,LST_Day_1KM,303.1200,325.9400,92504.4062,22.8200,320.0844,9.1871,3.0310,289,289,100.00
A2014105,2014-04-15,VNP21A2,LST_Day_1KM,302.1800,318.2600,90629.2578,16.0800,313.5960,6.3969,2.5292,289,289,100.00
A2014113,2014-04-23,VNP21A2,LST_Day_1KM,304.9800,329.0600,93683.2266,24.0800,324.1634,10.1964,3.1932,289,289,100.00
A2014121,2014-05-01,VNP21A2,LST_Day_1KM,304.9400,325.7000,92576.8750,20.7600,320.3352,8.7996,2.9664,289,289,100.00
A2014129,2014-05-09,VNP21A2,LST_Day_1KM,302.0600,325.1600,92017.5078,23.1000,318.3997,9.2350,3.0389,289,289,100.00
A2014137,2014-05-17,VNP21A2,LST_Day_1KM,305.7800,324.9800,92420.6172,19.2000,319.7945,7.9436,2.8184,289,289,100.00
A2014145,2014-05-25,VNP21A2,LST_Day_1KM,306.1800,329.8800,93609.0391,23.7000,323.9067,10.9042,3.3022,289,289,100.00
A2014153,2014-06-02,VNP21A2,LST_Day_1KM,306.9800,330.7200,93551.8125,23.7400,323.7087,12.6765,3.5604,289,289,100.00
A2014161,2014-06-10,VNP21A2,LST_Day_1KM,306.4800,334.5000,94582.5781,28.0200,327.2754,13.9361,3.7331,289,289,100.00
A2014169,2014-06-18,VNP21A2,LST_Day_1KM,304.5800,362.5200,92627.6641,57.9400,320.5110,22.7976,4.7747,289,289,100.00
A2014177,2014-06-26,VNP21A2,LST_Day_1KM,301.8600,325.7400,92110.8672,23.8800,318.7227,10.7281,3.2754,289,289,100.00
A2014185,2014-07-04,VNP21A2,LST_Day_1KM,303.8200,326.6200,92436.7891,22.8000,319.8505,9.8695,3.1416,289,289,100.00
A2014193,2014-07-12,VNP21A2,LST_Day_1KM,305.8400,339.0200,86394.2891,33.1800,322.3668,27.3455,5.2293,289,268,92.73
A2014201,2014-07-20,VNP21A2,LST_Day_1KM,300.8000,364.9600,51808.6289,64.1600,306.5599,52.0159,7.2122,289,169,58.48
A2014209,2014-07-28,VNP21A2,LST_Day_1KM,303.9200,319.9000,80809.7656,15.9800,310.8068,7.3403,2.7093,289,260,89.97
A2014217,2014-08-05,VNP21A2,LST_Day_1KM,361.0600,361.0600,361.0600,0.0000,361.0600,0.0000,0.0000,289,1,0.35
A2014225,2014-08-13,VNP21A2,LST_Day_1KM,301.7800,325.6800,89683.0547,23.9000,310.3220,6.5657,2.5624,289,289,100.00
A2014233,2014-08-21,VNP21A2,LST_Day_1KM,306.2800,324.5000,90954.5703,18.2200,314.7217,7.3643,2.7137,289,289,100.00
A2014241,2014-08-29,VNP21A2,LST_Day_1KM,298.3400,323.0400,86173.5781,24.7000,309.9769,20.7122,4.5511,289,278,96.19
A2014249,2014-09-06,VNP21A2,LST_Day_1KM,298.9400,315.1200,88128.5234,16.1800,307.0680,7.2343,2.6897,289,287,99.31
A2014257,2014-09-14,VNP21A2,LST_Day_1KM,303.9000,313.5600,89331.9922,9.6600,309.1072,3.0032,1.7330,289,289,100.00
A2014265,2014-09-22,VNP21A2,LST_Day_1KM,304.0000,312.1200,89454.2891,8.1200,309.5304,1.8856,1.3732,289,289,100.00
A2014273,2014-09-30,VNP21A2,LST_Day_1KM,303.9200,318.5600,90634.4609,14.6400,313.6140,2.8918,1.7005,289,289,100.00
A2014281,2014-10-08,VNP21A2,LST_Day_1KM,303.5000,317.8600,90352.0703,14.3600,312.6369,4.0333,2.0083,289,289,100.00
A2014289,2014-10-16,VNP21A2,LST_Day_1KM,302.6800,315.7800,89966.4062,13.1000,311.3024,4.5976,2.1442,289,289,100.00
A2014297,2014-10-24,VNP21A2,LST_Day_1KM,302.6600,315.4400,89742.1641,12.7800,310.5265,3.7957,1.9483,289,289,100.00
A2014305,2014-11-01,VNP21A2,LST_Day_1KM,299.6400,313.7000,89537.1328,14.0600,309.8171,4.6057,2.1461,289,289,100.00
A2014313,2014-11-09,VNP21A2,LST_Day_1KM,298.6000,312.0800,88577.6641,13.4800,306.4971,4.9209,2.2183,289,289,100.00
A2014321,2014-11-17,VNP21A2,LST_Day_1KM,298.4000,312.5600,89009.0156,14.1600,307.9897,5.1298,2.2649,289,289,100.00
A2014329,2014-11-25,VNP21A2,LST_Day_1KM,297.6200,310.5600,88665.3359,12.9400,306.8005,3.9557,1.9889,289,289,100.00
A2014337,2014-12-03,VNP21A2,LST_Day_1KM,297.0200,308.5600,87864.7734,11.5400,304.0304,4.5562,2.1345,289,289,100.00
A2014345,2014-12-11,VNP21A2,LST_Day_1KM,293.5600,303.7600,86703.1094,10.2000,300.0108,2.7656,1.6630,289,289,100.00
A2014353,2014-12-19,VNP21A2,LST_Day_1KM,291.5200,304.1200,86754.1328,12.6000,300.1873,3.5630,1.8876,289,289,100.00
A2014361,2014-12-27,VNP21A2,LST_Day_1KM,290.8800,302.8400,86458.5781,11.9600,299.1646,3.5179,1.8756,289,289,100.00
A2015001,2015-01-01,VNP21A2,LST_Day_1KM,292.2600,306.4000,87255.0938,14.1400,301.9207,4.0128,2.0032,289,289,100.00
A2015009,2015-01-09,VNP21A2,LST_Day_1KM,292.8400,306.1200,87245.5234,13.2800,301.8876,3.7971,1.9486,289,289,100.00
A2015017,2015-01-17,VNP21A2,LST_Day_1KM,291.8000,303.6800,86514.5703,11.8800,299.3584,3.0357,1.7423,289,289,100.00
A2015025,2015-01-25,VNP21A2,LST_Day_1KM,292.6600,304.1600,86658.0938,11.5000,299.8550,3.6967,1.9227,289,289,100.00
A2015033,2015-02-02,VNP21A2,LST_Day_1KM,293.9000,306.8000,87621.5938,12.9000,303.1889,4.2091,2.0516,289,289,100.00
A2015041,2015-02-10,VNP21A2,LST_Day_1KM,295.5800,312.7400,89080.9297,17.1600,308.2385,6.2213,2.4943,289,289,100.00
A2015049,2015-02-18,VNP21A2,LST_Day_1KM,297.3400,313.5000,89446.8906,16.1600,309.5048,5.4908,2.3432,289,289,100.00
A2015057,2015-02-26,VNP21A2,LST_Day_1KM,296.3000,311.0800,88454.1641,14.7800,306.0698,5.7314,2.3940,289,289,100.00
A2015065,2015-03-06,VNP21A2,LST_Day_1KM,296.4400,314.1600,89237.4141,17.7200,308.7800,7.1129,2.6670,289,289,100.00
A2015073,2015-03-14,VNP21A2,LST_Day_1KM,298.3200,314.1000,88816.5781,15.7800,307.3238,5.2466,2.2905,289,289,100.00
A2015081,2015-03-22,VNP21A2,LST_Day_1KM,303.2600,321.8400,91461.8984,18.5800,316.4771,6.6275,2.5744,289,289,100.00
A2015089,2015-03-30,VNP21A2,LST_Day_1KM,299.8000,317.9600,90188.0391,18.1600,312.0693,6.0382,2.4573,289,289,100.00
A2015097,2015-04-07,VNP21A2,LST_Day_1KM,302.0400,320.7400,90468.8672,18.7000,313.0411,8.1344,2.8521,289,289,100.00
A2015105,2015-04-15,VNP21A2,LST_Day_1KM,302.5400,322.1600,91740.2344,19.6200,317.4402,6.5145,2.5524,289,289,100.00
A2015113,2015-04-23,VNP21A2,LST_Day_1KM,304.8400,324.9400,92704.4062,20.1000,320.7765,7.1059,2.6657,289,289,100.00
A2015121,2015-05-01,VNP21A2,LST_Day_1KM,305.3600,330.1800,93721.5469,24.8200,324.2960,11.6544,3.4139,289,289,100.00
A2015129,2015-05-09,VNP21A2,LST_Day_1KM,305.9000,328.3400,93107.5703,22.4400,322.1715,11.1063,3.3326,289,289,100.00
A2015137,2015-05-17,VNP21A2,LST_Day_1KM,304.9400,328.8600,93519.9453,23.9200,323.5984,9.6352,3.1041,289,289,100.00
A2015145,2015-05-25,VNP21A2,LST_Day_1KM,305.6800,326.5000,92821.2734,20.8200,321.1809,8.2504,2.8724,289,289,100.00
A2015153,2015-06-02,VNP21A2,LST_Day_1KM,305.2800,327.6400,92913.2109,22.3600,321.4990,9.8151,3.1329,289,289,100.00
A2015161,2015-06-10,VNP21A2,LST_Day_1KM,306.8000,327.2000,92775.5625,20.4000,321.0227,7.8930,2.8094,289,289,100.00
A2015169,2015-06-18,VNP21A2,LST_Day_1KM,309.0200,347.7000,94203.2344,38.6800,325.9627,20.9515,4.5773,289,289,100.00
A2015177,2015-06-26,VNP21A2,LST_Day_1KM,302.6600,323.9600,91416.7109,21.3000,316.3208,9.6903,3.1129,289,289,100.00
A2015185,2015-07-04,VNP21A2,LST_Day_1KM,302.4400,323.7800,91808.5547,21.3400,317.6767,10.9231,3.3050,289,289,100.00
A2015193,2015-07-12,VNP21A2,LST_Day_1KM,307.1600,343.8600,81993.2969,36.7000,319.0401,18.4087,4.2905,289,257,88.93
A2015201,2015-07-20,VNP21A2,LST_Day_1KM,294.7600,441.3600,79209.9531,146.6000,309.4139,91.4328,9.5620,289,256,88.58
A2015209,2015-07-28,VNP21A2,LST_Day_1KM,297.6200,313.0200,88956.0781,15.4000,308.8753,6.2024,2.4905,289,288,99.65
A2015217,2015-08-05,VNP21A2,LST_Day_1KM,301.3600,320.6800,72425.1719,19.3200,310.8376,11.4606,3.3853,289,233,80.62
A2015225,2015-08-13,VNP21A2,LST_Day_1KM,300.1000,409.9200,70385.3672,109.8200,321.3944,123.1001,11.0950,289,219,75.78
A2015233,2015-08-21,VNP21A2,LST_Day_1KM,303.0000,318.2200,89496.6094,15.2200,309.6768,4.9727,2.2300,289,289,100.00
A2015241,2015-08-29,VNP21A2,LST_Day_1KM,303.8000,317.8800,90100.3359,14.0800,311.7659,3.3021,1.8172,289,289,100.00
A2015249,2015-09-06,VNP21A2,LST_Day_1KM,304.0400,327.8600,91206.7891,23.8200,315.5944,8.3486,2.8894,289,289,100.00
A2015257,2015-09-14,VNP21A2,LST_Day_1KM,305.4800,320.6600,91400.4453,15.1800,316.2645,3.9277,1.9818,289,289,100.00
A2015265,2015-09-22,VNP21A2,LST_Day_1KM,302.6800,317.3000,90228.3594,14.6200,312.2089,4.1177,2.0292,289,289,100.00
A2015273,2015-09-30,VNP21A2,LST_Day_1KM,305.6400,321.1800,91398.4844,15.5400,316.2577,6.1121,2.4723,289,289,100.00
A2015281,2015-10-08,VNP21A2,LST_Day_1KM,302.3800,319.9000,91084.6797,17.5200,315.1719,5.9420,2.4376,289,289,100.00
A2015289,2015-10-16,VNP21A2,LST_Day_1KM,304.1800,319.4600,90870.4609,15.2800,314.4307,6.1966,2.4893,289,289,100.00
A2015297,2015-10-24,VNP21A2,LST_Day_1KM,300.5000,315.8400,89731.3594,15.3400,310.4891,6.7606,2.6001,289,289,100.00
A2015305,2015-11-01,VNP21A2,LST_Day_1KM,299.8000,314.9200,89356.8984,15.1200,309.1934,5.6590,2.3789,289,289,100.00
A2015313,2015-11-09,VNP21A2,LST_Day_1KM,299.1400,313.8600,89414.5469,14.7200,309.3929,4.8104,2.1933,289,289,100.00
A2015321,2015-11-17,VNP21A2,LST_Day_1KM,297.6800,311.4000,88666.3281,13.7200,306.8039,5.0537,2.2480,289,289,100.00
A2015329,2015-11-25,VNP21A2,LST_Day_1KM,295.4600,307.4000,87732.9531,11.9400,303.5742,3.7973,1.9487,289,289,100.00
A2015337,2015-12-03,VNP21A2,LST_Day_1KM,295.4400,308.1400,88006.6953,12.7000,304.5214,4.4261,2.1038,289,289,100.00
A2015345,2015-12-11,VNP21A2,LST_Day_1KM,293.2400,304.9400,86865.8906,11.7000,300.5740,4.8530,2.2030,289,289,100.00
A2015353,2015-12-19,VNP21A2,LST_Day_1KM,290.7200,302.1400,85950.8047,11.4200,297.4076,4.1215,2.0301,289,289,100.00
A2015361,2015-12-27,VNP21A2,LST_Day_1KM,292.5600,310.5600,88004.7891,18.0000,304.5148,6.3340,2.5168,289,289,100.00
A2016001,2016-01-01,VNP21A2,LST_Day_1KM,294.9200,308.8400,87898.8828,13.9200,304.1484,4.5296,2.1283,289,289,100.00
A2016009,2016-01-09,VNP21A2,LST_Day_1KM,293.9000,307.5000,87576.9062,13.6000,303.0343,4.6908,2.1658,289,289,100.00
A2016017,2016-01-17,VNP21A2,LST_Day_1KM,293.7000,307.5600,87476.8281,13.8600,302.6880,5.6515,2.3773,289,289,100.00
A2016025,2016-01-25,VNP21A2,LST_Day_1KM,295.1400,308.9200,87843.6641,13.7800,303.9573,5.7602,2.4000,289,289,100.00
A2016033,2016-02-02,VNP21A2,LST_Day_1KM,295.5600,311.1800,88405.9375,15.6200,305.9029,6.8659,2.6203,289,289,100.00
A2016041,2016-02-10,VNP21A2,LST_Day_1KM,293.5800,309.7000,87951.5547,16.1200,304.3306,7.0580,2.6567,289,289,100.00
A2016049,2016-02-18,VNP21A2,LST_Day_1KM,297.6800,315.7000,89707.7266,18.0200,310.4073,7.5250,2.7432,289,289,100.00
A2016057,2016-02-26,VNP21A2,LST_Day_1KM,299.2200,318.5400,90442.8047,19.3200,312.9509,8.8066,2.9676,289,289,100.00
A2016065,2016-03-05,VNP21A2,LST_Day_1KM,299.6600,320.9200,90578.2812,21.2600,313.4196,11.1977,3.3463,289,289,100.00
A2016073,2016-03-13,VNP21A2,LST_Day_1KM,297.0000,317.2600,89944.9297,20.2600,311.2281,10.2505,3.2016,289,289,100.00
A2016081,2016-03-21,VNP21A2,LST_Day_1KM,300.2600,326.6600,92430.3281,26.4000,319.8281,13.6988,3.7012,289,289,100.00
A2016089,2016-03-29,VNP21A2,LST_Day_1KM,302.7800,326.0600,92299.3828,23.2800,319.3750,12.3706,3.5172,289,289,100.00
A2016097,2016-04-06,VNP21A2,LST_Day_1KM,304.1800,326.5000,92652.6562,22.3200,320.5974,11.0085,3.3179,289,289,100.00
A2016105,2016-04-14,VNP21A2,LST_Day_1KM,302.4400,327.2000,92843.3672,24.7600,321.2573,13.2141,3.6351,289,289,100.00
A2016113,2016-04-22,VNP21A2,LST_Day_1KM,303.4600,328.9800,93400.6328,25.5200,323.1856,11.8809,3.4469,289,289,100.00
A2016121,2016-04-30,VNP21A2,LST_Day_1KM,302.8800,329.0400,93204.8125,26.1600,322.5080,12.2064,3.4938,289,289,100.00
A2016129,2016-05-08,VNP21A2,LST_Day_1KM,304.8800,330.3000,94057.7656,25.4200,325.4594,10.9725,3.3125,289,289,100.00
A2016137,2016-05-16,VNP21A2,LST_Day_1KM,304.9400,328.4200,93537.0938,23.4800,323.6578,9.2082,3.0345,289,289,100.00
A2016145,2016-05-24,VNP21A2,LST_Day_1KM,302.2600,322.2400,92120.0078,19.9800,318.7544,6.8460,2.6165,289,289,100.00
A2016153,2016-06-01,VNP21A2,LST_Day_1KM,305.4200,331.7600,94353.6328,26.3400,326.4832,11.9751,3.4605,289,289,100.00
A2016161,2016-06-09,VNP21A2,LST_Day_1KM,304.7000,325.4000,92516.9844,20.7000,320.1280,8.8679,2.9779,289,289,100.00
A2016169,2016-06-17,VNP21A2,LST_Day_1KM,306.0000,332.6800,91536.1797,26.6800,320.0566,10.9057,3.3024,289,286,98.96
A2016177,2016-06-25,VNP21A2,LST_Day_1KM,308.2200,336.9800,92303.0391,28.7600,319.3877,15.6249,3.9528,289,289,100.00
A2016185,2016-07-03,VNP21A2,LST_Day_1KM,305.3600,330.0000,91811.4453,24.6400,317.6867,13.8532,3.7220,289,289,100.00
A2016193,2016-07-11,VNP21A2,LST_Day_1KM,288.0000,326.2200,75363.2031,38.2200,308.8656,28.9116,5.3770,289,244,84.43
A2016201,2016-07-19,VNP21A2,LST_Day_1KM,295.9200,322.8600,90670.0156,26.9400,313.7371,15.4907,3.9358,289,289,100.00
A2016209,2016-07-27,VNP21A2,LST_Day_1KM,304.4800,304.4800,608.9600,0.0000,304.4800,0.0000,0.0000,289,2,0.69
A2016217,2016-08-04,VNP21A2,LST_Day_1KM,294.0600,490.0200,59403.7461,195.9600,312.6513,367.0658,19.1590,289,190,65.74
A2016225,2016-08-12,VNP21A2,LST_Day_1KM,298.9400,326.1200,87868.6562,27.1800,307.2331,11.1058,3.3325,289,286,98.96
A2016233,2016-08-20,VNP21A2,LST_Day_1KM,300.2000,318.9200,62695.7852,18.7200,307.3323,8.7191,2.9528,289,204,70.59
A2016241,2016-08-28,VNP21A2,LST_Day_1KM,301.1800,316.5000,88946.4609,15.3200,307.7732,6.2206,2.4941,289,289,100.00
A2016249,2016-09-05,VNP21A2,LST_Day_1KM,301.3600,318.1400,88886.7891,16.7800,307.5667,5.7987,2.4080,289,289,100.00
A2016257,2016-09-13,VNP21A2,LST_Day_1KM,305.8800,319.5800,90655.2812,13.7000,313.6861,4.1359,2.0337,289,289,100.00
A2016265,2016-09-21,VNP21A2,LST_Day_1KM,304.0200,316.3000,90386.8906,12.2800,312.7574,3.3886,1.8408,289,289,100.00
A2016273,2016-09-29,VNP21A2,LST_Day_1KM,305.4400,321.4800,90808.6250,16.0400,314.2167,9.1357,3.0225,289,289,100.00
A2016281,2016-10-07,VNP21A2,LST_Day_1KM,302.0200,312.8000,89167.9531,10.7800,308.5396,3.2808,1.8113,289,289,100.00
A2016289,2016-10-15,VNP21A2,LST_Day_1KM,302.4400,316.8200,89936.6719,14.3800,311.1996,6.1350,2.4769,289,289,100.00
A2016297,2016-10-23,VNP21A2,LST_Day_1KM,301.1200,317.4600,89608.2031,16.3400,310.0630,7.3957,2.7195,289,289,100.00
A2016305,2016-10-31,VNP21A2,LST_Day_1KM,300.1800,314.6600,89084.2969,14.4800,308.2502,5.2050,2.2814,289,289,100.00
A2016313,2016-11-08,VNP21A2,LST_Day_1KM,298.3400,313.9600,88871.1562,15.6200,307.5127,5.3605,2.3153,289,289,100.00
A2016321,2016-11-16,VNP21A2,LST_Day_1KM,298.2600,314.0600,88878.1250,15.8000,307.5368,5.5783,2.3618,289,289,100.00
A2016329,2016-11-24,VNP21A2,LST_Day_1KM,297.6400,312.8800,88718.0547,15.2400,306.9829,4.8847,2.2101,289,289,100.00
A2016337,2016-12-02,VNP21A2,LST_Day_1KM,297.4000,311.4400,88326.2734,14.0400,305.6273,4.7677,2.1835,289,289,100.00
A2016345,2016-12-10,VNP21A2,LST_Day_1KM,295.7000,306.0800,87331.6719,10.3800,302.1857,3.2382,1.7995,289,289,100.00
A2016353,2016-12-18,VNP21A2,LST_Day_1KM,296.8000,310.1600,87980.4219,13.3600,304.4305,4.7366,2.1764,289,289,100.00
A2016361,2016-12-26,VNP21A2,LST_Day_1KM,296.4800,308.8400,87899.1172,12.3600,304.1492,4.7093,2.1701,289,289,100.00
A2017001,2017-01-01,VNP21A2,LST_Day_1KM,293.2600,305.7800,87084.0469,12.5200,301.3289,4.0819,2.0204,289,289,100.00
A2017009,2017-01-09,VNP21A2,LST_Day_1KM,291.1800,303.6000,86343.4609,12.4200,298.7663,4.7760,2.1854,289,289,100.00
A2017017,2017-01-17,VNP21A2,LST_Day_1KM,291.5200,305.0200,86768.6641,13.5000,300.2376,4.4019,2.0981,289,289,100.00
A2017025,2017-01-25,VNP21A2,LST_Day_1KM,295.0400,305.6600,87128.2734,10.6200,301.4819,3.5597,1.8867,289,289,100.00
A2017033,2017-02-02,VNP21A2,LST_Day_1KM,294.5600,308.4800,87543.4531,13.9200,302.9185,5.1082,2.2601,289,289,100.00
A2017041,2017-02-10,VNP21A2,LST_Day_1KM,295.7800,311.8800,88468.7656,16.1000,306.1203,6.8718,2.6214,289,289,100.00
A2017049,2017-02-18,VNP21A2,LST_Day_1KM,297.8400,315.4400,89566.3828,17.6000,309.9183,7.6116,2.7589,289,289,100.00
A2017057,2017-02-26,VNP21A2,LST_Day_1KM,295.7400,318.3400,90107.6484,22.6000,311.7912,9.2111,3.0350,289,289,100.00
A2017065,2017-03-06,VNP21A2,LST_Day_1KM,297.0600,315.8400,89527.3359,18.7800,309.7832,8.0908,2.8444,289,289,100.00
A2017073,2017-03-14,VNP21A2,LST_Day_1KM,298.7800,319.2400,90521.8516,20.4600,313.2244,8.2237,2.8677,289,289,100.00
A2017081,2017-03-22,VNP21A2,LST_Day_1KM,305.0000,324.5000,92002.7109,19.5000,318.3485,8.0156,2.8312,289,289,100.00
A2017089,2017-03-30,VNP21A2,LST_Day_1KM,303.1800,326.0600,92761.4766,22.8800,320.9740,9.4562,3.0751,289,289,100.00
A2017097,2017-04-07,VNP21A2,LST_Day_1KM,302.8800,327.0600,92964.2109,24.1800,321.6755,10.4329,3.2300,289,289,100.00
A2017105,2017-04-15,VNP21A2,LST_Day_1KM,303.3400,329.7000,93729.7344,26.3600,324.3243,10.6534,3.2640,289,289,100.00
A2017113,2017-04-23,VNP21A2,LST_Day_1KM,301.0800,324.4000,91960.2812,23.3200,318.2017,8.4592,2.9085,289,289,100.00
A2017121,2017-05-01,VNP21A2,LST_Day_1KM,304.1600,330.0800,93551.7422,25.9200,323.7085,11.6226,3.4092,289,289,100.00
A2017129,2017-05-09,VNP21A2,LST_Day_1KM,308.0400,329.7200,93698.7734,21.6800,324.2172,11.4619,3.3855,289,289,100.00
A2017137,2017-05-17,VNP21A2,LST_Day_1KM,305.4200,327.8600,92529.9844,22.4400,320.1729,8.2294,2.8687,289,289,100.00
A2017145,2017-05-25,VNP21A2,LST_Day_1KM,305.0400,326.6800,92014.6172,21.6400,318.3897,7.8877,2.8085,289,289,100.00
A2017153,2017-06-02,VNP21A2,LST_Day_1KM,305.1600,328.4800,93140.8906,23.3200,322.2868,11.0684,3.3269,289,289,100.00
A2017161,2017-06-10,VNP21A2,LST_Day_1KM,305.6400,325.9400,91833.5000,20.3000,317.7630,8.9009,2.9834,289,289,100.00
A2017169,2017-06-18,VNP21A2,LST_Day_1KM,306.0200,341.2200,92177.5078,35.2000,318.9533,16.0323,4.0040,289,289,100.00
A2017177,2017-06-26,VNP21A2,LST_Day_1KM,305.4000,354.6000,90361.1328,49.2000,313.7539,19.8298,4.4531,289,288,99.65
A2017185,2017-07-04,VNP21A2,LST_Day_1KM,306.6200,326.6800,90974.4062,20.0600,314.7903,9.2209,3.0366,289,289,100.00
A2017193,2017-07-12,VNP21A2,LST_Day_1KM,297.4200,342.5800,78681.5547,45.1600,315.9902,33.8175,5.8153,289,249,86.16
A2017201,2017-07-20,VNP21A2,LST_Day_1KM,291.2200,329.5400,74559.8203,38.3200,313.2766,36.6382,6.0529,289,238,82.35
A2017209,2017-07-28,VNP21A2,LST_Day_1KM,287.3800,323.2800,50563.7070,35.9000,304.6006,24.0684,4.9060,289,166,57.44
A2017217,2017-08-05,VNP21A2,LST_Day_1KM,298.7800,315.3000,79393.2969,16.5200,307.7260,8.7853,2.9640,289,258,89.27
A2017225,2017-08-13,VNP21A2,LST_Day_1KM,298.1400,315.7800,89310.7188,17.6400,309.0336,8.1680,2.8580,289,289,100.00
A2017233,2017-08-21,VNP21A2,LST_Day_1KM,302.1000,330.7600,90377.4141,28.6600,312.7246,10.9816,3.3139,289,289,100.00
A2017241,2017-08-29,VNP21A2,LST_Day_1KM,291.1000,314.3400,82839.1562,23.2400,304.5557,9.8481,3.1382,289,272,94.12
A2017249,2017-09-06,VNP21A2,LST_Day_1KM,301.5800,316.9400,88676.5000,15.3600,310.0577,5.1451,2.2683,289,286,98.96
A2017257,2017-09-14,VNP21A2,LST_Day_1KM,305.7200,323.5200,90991.0000,17.8000,314.8477,6.6756,2.5837,289,289,100.00
A2017265,2017-09-22,VNP21A2,LST_Day_1KM,304.9800,320.5000,91142.8516,15.5200,315.3732,5.1645,2.2726,289,289,100.00
A2017273,2017-09-30,VNP21A2,LST_Day_1KM,303.4000,319.2200,90982.9531,15.8200,314.8199,4.9234,2.2189,289,289,100.00
A2017281,2017-10-08,VNP21A2,LST_Day_1KM,304.7600,321.0600,91287.8594,16.3000,315.8749,6.1588,2.4817,289,289,100.00
A2017289,2017-10-16,VNP21A2,LST_Day_1KM,302.9800,318.0400,90609.0859,15.0600,313.5262,5.0046,2.2371,289,289,100.00
A2017297,2017-10-24,VNP21A2,LST_Day_1KM,300.7400,316.9200,90216.5859,16.1800,312.1681,5.6354,2.3739,289,289,100.00
A2017305,2017-11-01,VNP21A2,LST_Day_1KM,299.8200,314.1800,89488.1953,14.3600,309.6477,4.4065,2.0992,289,289,100.00
A2017313,2017-11-09,VNP21A2,LST_Day_1KM,298.4800,311.5200,88693.0391,13.0400,306.8963,4.5541,2.1340,289,289,100.00
A2017321,2017-11-17,VNP21A2,LST_Day_1KM,295.5600,308.8600,87906.2422,13.3000,304.1739,5.5777,2.3617,289,289,100.00
A2017329,2017-11-25,VNP21A2,LST_Day_1KM,296.6000,310.7600,88391.0078,14.1600,305.8512,5.0286,2.2425,289,289,100.00
A2017337,2017-12-03,VNP21A2,LST_Day_1KM,294.2800,308.2200,87677.8203,13.9400,303.3835,4.6481,2.1560,289,289,100.00
A2017345,2017-12-11,VNP21A2,LST_Day_1KM,293.3000,304.9400,86825.8281,11.6400,300.4354,3.4948,1.8694,289,289,100.00
A2017353,2017-12-19,VNP21A2,LST_Day_1KM,294.3000,307.9400,87594.2031,13.6400,303.0941,4.2803,2.0689,289,289,100.00
A2017361,2017-12-27,VNP21A2,LST_Day_1KM,293.3400,306.3600,87208.8750,13.0200,301.7608,4.9754,2.2306,289,289,100.00
A2018001,2018-01-01,VNP21A2,LST_Day_1KM,292.9600,305.8600,87046.5859,12.9000,301.1992,5.1141,2.2614,289,289,100.00
A2018009,2018-01-09,VNP21A2,LST_Day_1KM,294.5800,309.3400,87948.4297,14.7600,304.3198,5.7397,2.3958,289,289,100.00
A2018017,2018-01-17,VNP21A2,LST_Day_1KM,293.9400,309.4400,87990.7422,15.5000,304.4662,5.8824,2.4254,289,289,100.00
A2018025,2018-01-25,VNP21A2,LST_Day_1KM,295.2200,311.6000,88430.1406,16.3800,305.9866,6.9025,2.6273,289,289,100.00
A2018033,2018-02-02,VNP21A2,LST_Day_1KM,295.4600,312.1200,88573.2734,16.6600,306.4819,7.7836,2.7899,289,289,100.00
A2018041,2018-02-10,VNP21A2,LST_Day_1KM,297.5800,313.3800,88842.5078,15.8000,307.4135,8.0039,2.8291,289,289,100.00
A2018049,2018-02-18,VNP21A2,LST_Day_1KM,298.0800,317.4800,90198.7578,19.4000,312.1064,9.0156,3.0026,289,289,100.00
A2018057,2018-02-26,VNP21A2,LST_Day_1KM,301.3800,319.9000,90573.5234,18.5200,313.4032,10.7660,3.2812,289,289,100.00
A2018065,2018-03-06,VNP21A2,LST_Day_1KM,301.1400,321.9000,91321.9375,20.7600,315.9929,11.0084,3.3179,289,289,100.00
A2018073,2018-03-14,VNP21A2,LST_Day_1KM,300.3800,320.5800,90907.3594,20.2000,314.5583,9.6098,3.1000,289,289,100.00
A2018081,2018-03-22,VNP21A2,LST_Day_1KM,302.1400,325.9600,92541.1875,23.8200,320.2117,12.2168,3.4952,289,289,100.00
A2018089,2018-03-30,VNP21A2,LST_Day_1KM,303.6400,326.8000,92737.9688,23.1600,320.8926,10.7906,3.2849,289,289,100.00
A2018097,2018-04-07,VNP21A2,LST_Day_1KM,302.9600,327.0800,92645.0391,24.1200,320.5711,9.9246,3.1503,289,289,100.00
A2018105,2018-04-15,VNP21A2,LST_Day_1KM,301.3800,326.2000,92348.3359,24.8200,319.5444,11.2217,3.3499,289,289,100.00
A2018113,2018-04-23,VNP21A2,LST_Day_1KM,302.7600,328.6600,93548.9062,25.9000,323.6986,11.1914,3.3453,289,289,100.00
A2018121,2018-05-01,VNP21A2,LST_Day_1KM,305.1200,325.1200,92482.2578,20.0000,320.0078,8.3521,2.8900,289,289,100.00
A2018129,2018-05-09,VNP21A2,LST_Day_1KM,302.1400,325.0600,92087.4375,22.9200,318.6417,9.1362,3.0226,289,289,100.00
A2018137,2018-05-17,VNP21A2,LST_Day_1KM,306.4400,324.4600,92209.7969,18.0200,319.0650,7.6765,2.7707,289,289,100.00
A2018145,2018-05-25,VNP21A2,LST_Day_1KM,305.4400,331.2800,94102.4453,25.8400,325.6140,13.3907,3.6593,289,289,100.00
A2018153,2018-06-02,VNP21A2,LST_Day_1KM,303.8800,325.6000,92399.5547,21.7200,319.7216,8.0104,2.8303,289,289,100.00
A2018161,2018-06-10,VNP21A2,LST_Day_1KM,303.1400,321.5200,91591.2344,18.3800,316.9247,5.9314,2.4354,289,289,100.00
A2018169,2018-06-18,VNP21A2,LST_Day_1KM,304.8400,337.7000,93761.9062,32.8600,325.5622,18.4766,4.2984,289,288,99.65
A2018177,2018-06-26,VNP21A2,LST_Day_1KM,273.3000,339.0400,62512.7266,65.7400,307.9445,127.4569,11.2897,289,203,70.24
A2018185,2018-07-04,VNP21A2,LST_Day_1KM,305.1600,421.1000,93686.2656,115.9400,324.1739,110.0792,10.4919,289,289,100.00
A2018193,2018-07-12,VNP21A2,LST_Day_1KM,309.5000,323.3200,6926.6001,13.8200,314.8455,9.1480,3.0246,289,22,7.61
A2018201,2018-07-20,VNP21A2,LST_Day_1KM,,,,,,,,289,0,0.00
A2018209,2018-07-28,VNP21A2,LST_Day_1KM,300.0000,316.0200,89195.2188,16.0200,308.6340,6.9989,2.6455,289,289,100.00
A2018217,2018-08-05,VNP21A2,LST_Day_1KM,276.8200,280.4200,3059.9802,3.6000,278.1800,1.0522,1.0258,289,11,3.81
A2018225,2018-08-13,VNP21A2,LST_Day_1KM,293.4000,321.9400,78988.2344,28.5400,310.9773,15.2847,3.9096,289,254,87.89
A2018233,2018-08-21,VNP21A2,LST_Day_1KM,287.0400,361.3000,43000.5625,74.2600,309.3566,78.3417,8.8511,289,139,48.10
A2018241,2018-08-29,VNP21A2,LST_Day_1KM,298.1000,323.7400,75142.4062,25.6400,307.9607,13.7322,3.7057,289,244,84.43
A2018249,2018-09-06,VNP21A2,LST_Day_1KM,291.4400,315.4800,87936.0938,24.0400,304.2771,5.8722,2.4233,289,289,100.00
A2018257,2018-09-14,VNP21A2,LST_Day_1KM,302.9000,313.7000,89409.1641,10.8000,309.3743,3.0586,1.7489,289,289,100.00
A2018265,2018-09-22,VNP21A2,LST_Day_1KM,302.4200,310.8400,88963.1953,8.4200,307.8311,1.8623,1.3647,289,289,100.00
A2018273,2018-09-30,VNP21A2,LST_Day_1KM,303.0800,314.9000,90122.3359,11.8200,311.8420,2.7017,1.6437,289,289,100.00
A2018281,2018-10-08,VNP21A2,LST_Day_1KM,301.3200,313.9600,89631.1562,12.6400,310.1424,3.0916,1.7583,289,289,100.00
A2018289,2018-10-16,VNP21A2,LST_Day_1KM,301.2400,315.6200,89890.6328,14.3800,311.0403,4.5342,2.1294,289,289,100.00
A2018297,2018-10-24,VNP21A2,LST_Day_1KM,301.5800,315.0200,89713.6641,13.4400,310.4279,4.6709,2.1612,289,289,100.00
A2018305,2018-11-01,VNP21A2,LST_Day_1KM,300.6600,314.9800,89433.2188,14.3200,309.4575,5.5945,2.3653,289,289,100.00
A2018313,2018-11-09,VNP21A2,LST_Day_1KM,300.0600,312.8800,89072.6094,12.8200,308.2097,4.4995,2.1212,289,289,100.00
A2018321,2018-11-17,VNP21A2,LST_Day_1KM,296.7800,312.2600,88773.8672,15.4800,307.1760,4.7628,2.1824,289,289,100.00
A2018329,2018-11-25,VNP21A2,LST_Day_1KM,295.0400,309.6600,88024.0312,14.6200,304.5814,5.5398,2.3537,289,289,100.00
A2018337,2018-12-03,VNP21A2,LST_Day_1KM,295.0800,308.6800,87763.3359,13.6000,303.6794,4.7725,2.1846,289,289,100.00
A2018345,2018-12-11,VNP21A2,LST_Day_1KM,293.1000,305.3800,86866.7031,12.2800,300.5768,4.9242,2.2191,289,289,100.00
A2018353,2018-12-19,VNP21A2,LST_Day_1KM,292.3800,306.9200,87256.7734,14.5400,301.9265,5.1633,2.2723,289,289,100.00
A2018361,2018-12-27,VNP21A2,LST_Day_1KM,292.1000,307.1400,87162.5312,15.0400,301.6005,5.9875,2.4469,289,289,100.00
A2019001,2019-01-01,VNP21A2,LST_Day_1KM,291.9000,305.8200,87008.4219,13.9200,301.0672,4.7647,2.1828,289,289,100.00
A2019009,2019-01-09,VNP21A2,LST_Day_1KM,291.9800,306.9400,87025.4844,14.9600,301.1263,5.6812,2.3835,289,289,100.00
A2019017,2019-01-17,VNP21A2,LST_Day_1KM,292.5200,309.0200,87499.0625,16.5000,302.7649,8.2076,2.8649,289,289,100.00
A2019025,2019-01-25,VNP21A2,LST_Day_1KM,291.1200,304.3600,86474.5078,13.2400,299.2198,4.0333,2.0083,289,289,100.00
A2019033,2019-02-02,VNP21A2,LST_Day_1KM,292.8000,306.4000,87260.2969,13.6000,301.9388,5.4607,2.3368,289,289,100.00
A2019041,2019-02-10,VNP21A2,LST_Day_1KM,293.4400,312.3600,88620.3516,18.9200,306.6448,9.3431,3.0566,289,289,100.00
A2019049,2019-02-18,VNP21A2,LST_Day_1KM,295.4400,312.7800,88967.8828,17.3400,307.8474,8.2914,2.8795,289,289,100.00
A2019057,2019-02-26,VNP21A2,LST_Day_1KM,295.6200,313.8400,88865.6719,18.2200,307.4937,10.0197,3.1654,289,289,100.00
A2019065,2019-03-06,VNP21A2,LST_Day_1KM,295.2400,317.4600,89844.6719,22.2200,310.8812,12.3727,3.5175,289,289,100.00
A2019073,2019-03-14,VNP21A2,LST_Day_1KM,295.8200,320.4400,90519.8750,24.6200,313.2176,13.8780,3.7253,289,289,100.00
A2019081,2019-03-22,VNP21A2,LST_Day_1KM,298.1800,322.9600,91505.1797,24.7800,316.6269,13.2414,3.6389,289,289,100.00
A2019089,2019-03-30,VNP21A2,LST_Day_1KM,301.7400,328.4000,93039.6172,26.6600,321.9364,12.8258,3.5813,289,289,100.00
A2019097,2019-04-07,VNP21A2,LST_Day_1KM,303.3200,325.0400,92290.0469,21.7200,319.3427,9.9422,3.1531,289,289,100.00
A2019105,2019-04-15,VNP21A2,LST_Day_1KM,301.9600,324.6200,91868.0078,22.6600,317.8824,9.5402,3.0887,289,289,100.00
A2019113,2019-04-23,VNP21A2,LST_Day_1KM,305.0000,329.3200,93709.7891,24.3200,324.2553,10.1466,3.1854,289,289,100.00
A2019121,2019-05-01,VNP21A2,LST_Day_1KM,303.9800,326.5400,93033.8125,22.5600,321.9163,10.4092,3.2263,289,289,100.00
A2019129,2019-05-09,VNP21A2,LST_Day_1KM,303.1000,323.2800,92093.1406,20.1800,318.6614,8.9434,2.9906,289,289,100.00
A2019137,2019-05-17,VNP21A2,LST_Day_1KM,304.5200,334.2400,93465.8594,29.7200,323.4113,16.3600,4.0448,289,289,100.00
A2019145,2019-05-25,VNP21A2,LST_Day_1KM,306.1400,330.6400,93531.9922,24.5000,323.6401,13.8544,3.7222,289,289,100.00
A2019153,2019-06-02,VNP21A2,LST_Day_1KM,306.4800,331.7800,94522.8125,25.3000,327.0685,11.6343,3.4109,289,289,100.00
A2019161,2019-06-10,VNP21A2,LST_Day_1KM,303.7600,348.7600,92972.5156,45.0000,321.7042,27.3267,5.2275,289,289,100.00
A2019169,2019-06-18,VNP21A2,LST_Day_1KM,304.4000,331.8200,92489.9844,27.4200,321.1458,15.6383,3.9545,289,288,99.65
A2019177,2019-06-26,VNP21A2,LST_Day_1KM,307.5000,331.3200,93221.9219,23.8200,322.5672,13.7243,3.7046,289,289,100.00
A2019185,2019-07-04,VNP21A2,LST_Day_1KM,301.9000,319.0200,89923.5547,17.1200,311.1542,5.6249,2.3717,289,289,100.00
A2019193,2019-07-12,VNP21A2,LST_Day_1KM,301.2800,329.0600,89302.1250,27.7800,314.4441,15.2691,3.9076,289,284,98.27
A2019201,2019-07-20,VNP21A2,LST_Day_1KM,308.9400,331.6800,83809.3047,22.7400,319.8828,15.4832,3.9349,289,262,90.66
A2019209,2019-07-28,VNP21A2,LST_Day_1KM,295.5000,444.6400,71438.4453,149.1400,311.9583,267.6519,16.3601,289,229,79.24
A2019217,2019-08-05,VNP21A2,LST_Day_1KM,291.0400,320.3200,85174.7891,29.2800,308.6043,13.4693,3.6701,289,276,95.50
A2019225,2019-08-13,VNP21A2,LST_Day_1KM,298.1600,349.4800,82672.6250,51.3200,306.1949,25.4425,5.0441,289,270,93.43
A2019233,2019-08-21,VNP21A2,LST_Day_1KM,301.7600,316.8600,89570.1328,15.1000,309.9312,6.8616,2.6195,289,289,100.00
A2019241,2019-08-29,VNP21A2,LST_Day_1KM,279.8200,602.0800,77138.5000,322.2600,311.0423,459.6644,21.4398,289,248,85.81
A2019249,2019-09-06,VNP21A2,LST_Day_1KM,300.1600,327.0200,89658.5703,26.8600,310.2373,8.5505,2.9241,289,289,100.00
A2019257,2019-09-14,VNP21A2,LST_Day_1KM,303.6400,359.3800,89619.8906,55.7400,310.1034,33.6100,5.7974,289,289,100.00
A2019265,2019-09-22,VNP21A2,LST_Day_1KM,298.3800,317.9200,87851.5312,19.5400,308.2510,9.6059,3.0993,289,285,98.62
A2019273,2019-09-30,VNP21A2,LST_Day_1KM,302.1200,318.5200,89329.5391,16.4000,309.0988,6.6265,2.5742,289,289,100.00
A2019281,2019-10-08,VNP21A2,LST_Day_1KM,302.6200,314.1800,89521.7812,11.5600,309.7639,3.6997,1.9235,289,289,100.00
A2019289,2019-10-16,VNP21A2,LST_Day_1KM,302.0000,316.5400,89678.1250,14.5400,310.3049,5.0456,2.2462,289,289,100.00
A2019297,2019-10-24,VNP21A2,LST_Day_1KM,301.4600,317.3000,89915.4609,15.8400,311.1262,5.7832,2.4048,289,289,100.00
A2019305,2019-11-01,VNP21A2,LST_Day_1KM,300.6600,313.8800,88976.5547,13.2200,307.8773,6.0880,2.4674,289,289,100.00
A2019313,2019-11-09,VNP21A2,LST_Day_1KM,299.6000,311.4000,88368.2734,11.8000,305.7726,4.3734,2.0913,289,289,100.00
A2019321,2019-11-17,VNP21A2,LST_Day_1KM,297.8000,310.9600,88039.6094,13.1600,304.6353,5.9270,2.4345,289,289,100.00
A2019329,2019-11-25,VNP21A2,LST_Day_1KM,297.0400,307.7600,87620.8281,10.7200,303.1862,3.5347,1.8801,289,289,100.00
A2019337,2019-12-03,VNP21A2,LST_Day_1KM,293.9200,304.6000,86890.6797,10.6800,300.6598,3.1075,1.7628,289,289,100.00
A2019345,2019-12-11,VNP21A2,LST_Day_1KM,292.9200,302.1800,86174.7109,9.2600,298.1824,2.0094,1.4175,289,289,100.00
A2019353,2019-12-19,VNP21A2,LST_Day_1KM,293.0800,304.6000,86510.7734,11.5200,299.3452,2.8628,1.6920,289,289,100.00
A2019361,2019-12-27,VNP21A2,LST_Day_1KM,291.1600,302.5000,85931.1250,11.3400,297.3395,3.7169,1.9279,289,289,100.00
A2020001,2020-01-01,VNP21A2,LST_Day_1KM,289.9400,301.7800,86006.3438,11.8400,297.5998,3.5679,1.8889,289,289,100.00
A2020009,2020-01-09,VNP21A2,LST_Day_1KM,290.4800,301.6400,86019.0625,11.1600,297.6438,3.2617,1.8060,289,289,100.00
A2020017,2020-01-17,VNP21A2,LST_Day_1KM,290.9600,305.1400,86708.5781,14.1800,300.0297,3.8629,1.9654,289,289,100.00
A2020025,2020-01-25,VNP21A2,LST_Day_1KM,293.3600,307.9000,87371.3594,14.5400,302.3230,4.5672,2.1371,289,289,100.00
A2020033,2020-02-02,VNP21A2,LST_Day_1KM,294.3000,306.5800,87159.6797,12.2800,301.5906,4.1190,2.0295,289,289,100.00
A2020041,2020-02-10,VNP21A2,LST_Day_1KM,296.2200,310.9200,88469.1875,14.7000,306.1218,5.0431,2.2457,289,289,100.00
A2020049,2020-02-18,VNP21A2,LST_Day_1KM,296.7800,311.8800,88608.8125,15.1000,306.6049,5.4511,2.3348,289,289,100.00
A2020057,2020-02-26,VNP21A2,LST_Day_1KM,296.1400,314.1600,88931.6094,18.0200,307.7218,7.4084,2.7218,289,289,100.00
A2020065,2020-03-05,VNP21A2,LST_Day_1KM,297.3600,312.6800,88235.0938,15.3200,305.3117,4.9134,2.2166,289,289,100.00
A2020073,2020-03-13,VNP21A2,LST_Day_1KM,297.1400,315.2600,89474.8594,18.1200,309.6016,5.4501,2.3345,289,289,100.00
A2020081,2020-03-21,VNP21A2,LST_Day_1KM,299.8400,317.9400,90031.6797,18.1000,311.5283,7.6446,2.7649,289,289,100.00
A2020089,2020-03-29,VNP21A2,LST_Day_1KM,301.5600,323.7800,91658.9297,22.2200,317.1589,10.1947,3.1929,289,289,100.00
A2020097,2020-04-06,VNP21A2,LST_Day_1KM,302.9200,323.9600,91917.4844,21.0400,318.0536,8.6970,2.9491,289,289,100.00
A2020105,2020-04-14,VNP21A2,LST_Day_1KM,303.1200,325.3800,92037.2422,22.2600,318.4680,9.5661,3.0929,289,289,100.00
A2020113,2020-04-22,VNP21A2,LST_Day_1KM,305.2800,326.4200,92073.8203,21.1400,318.5945,7.5690,2.7512,289,289,100.00
A2020121,2020-04-30,VNP21A2,LST_Day_1KM,305.6600,326.0000,92500.3906,20.3400,320.0706,9.0130,3.0022,289,289,100.00
A2020129,2020-05-08,VNP21A2,LST_Day_1KM,304.0800,328.4600,92996.8984,24.3800,321.7886,10.4999,3.2404,289,289,100.00
A2020137,2020-05-16,VNP21A2,LST_Day_1KM,305.0200,329.3000,92773.6406,24.2800,321.0161,9.4824,3.0793,289,289,100.00
A2020145,2020-05-24,VNP21A2,LST_Day_1KM,303.1400,325.3600,92639.7891,22.2200,320.5529,8.3178,2.8841,289,289,100.00
A2020153,2020-06-01,VNP21A2,LST_Day_1KM,306.8200,320.3000,90936.0078,13.4800,314.6575,5.9145,2.4320,289,289,100.00
A2020161,2020-06-09,VNP21A2,LST_Day_1KM,311.9600,332.5000,93170.4531,20.5400,322.3891,13.6088,3.6890,289,289,100.00
A2020169,2020-06-17,VNP21A2,LST_Day_1KM,306.0800,326.3800,92338.1328,20.3000,319.5091,8.5308,2.9207,289,289,100.00
A2020177,2020-06-25,VNP21A2,LST_Day_1KM,301.9800,331.9800,92227.5547,30.0000,319.1265,17.6561,4.2019,289,289,100.00
A2020185,2020-07-03,VNP21A2,LST_Day_1KM,300.7600,355.8600,90732.2656,55.1000,319.4798,31.9904,5.6560,289,284,98.27
A2020193,2020-07-11,VNP21A2,LST_Day_1KM,309.7200,334.7200,92549.3359,25.0000,320.2399,17.7378,4.2116,289,289,100.00
A2020201,2020-07-19,VNP21A2,LST_Day_1KM,300.0200,361.8600,87845.3047,61.8400,313.7332,29.9558,5.4732,289,280,96.89
A2020209,2020-07-27,VNP21A2,LST_Day_1KM,305.0800,323.8600,91139.0547,18.7800,315.3600,8.2861,2.8786,289,289,100.00
A2020217,2020-08-04,VNP21A2,LST_Day_1KM,305.3600,331.0800,88403.4609,25.7200,313.4875,12.0630,3.4732,289,282,97.58
A2020225,2020-08-12,VNP21A2,LST_Day_1KM,284.4200,350.2600,58761.1172,65.8400,312.5591,105.3685,10.2649,289,188,65.05
A2020233,2020-08-20,VNP21A2,LST_Day_1KM,290.7000,329.9600,72292.5234,39.2600,303.7501,17.2978,4.1591,289,238,82.35
A2020241,2020-08-28,VNP21A2,LST_Day_1KM,276.7200,364.2000,45748.5234,87.4800,304.9901,99.9223,9.9961,289,150,51.90
A2020249,2020-09-05,VNP21A2,LST_Day_1KM,299.9800,325.3200,89686.0312,25.3400,310.3323,8.9416,2.9903,289,289,100.00
A2020257,2020-09-13,VNP21A2,LST_Day_1KM,304.8000,321.6600,90942.0938,16.8600,314.6785,7.8084,2.7944,289,289,100.00
A2020265,2020-09-21,VNP21A2,LST_Day_1KM,304.6000,319.0000,90143.4219,14.4000,311.9149,5.3661,2.3165,289,289,100.00
A2020273,2020-09-29,VNP21A2,LST_Day_1KM,304.4400,316.8200,90061.2422,12.3800,311.6306,4.1807,2.0447,289,289,100.00
A2020281,2020-10-07,VNP21A2,LST_Day_1KM,304.2600,316.6400,90145.5078,12.3800,311.9222,4.4099,2.1000,289,289,100.00
A2020289,2020-10-15,VNP21A2,LST_Day_1KM,301.9400,317.7000,90217.5859,15.7600,312.1716,5.7611,2.4002,289,289,100.00
A2020297,2020-10-23,VNP21A2,LST_Day_1KM,300.7800,313.3000,89326.9453,12.5200,309.0898,3.9146,1.9785,289,289,100.00
A2020305,2020-10-31,VNP21A2,LST_Day_1KM,298.8400,313.1600,89219.1797,14.3200,308.7169,4.6686,2.1607,289,289,100.00
A2020313,2020-11-08,VNP21A2,LST_Day_1KM,298.5800,309.2000,88242.0625,10.6200,305.3358,3.2428,1.8008,289,289,100.00
A2020321,2020-11-16,VNP21A2,LST_Day_1KM,296.1800,307.8800,87468.1250,11.7000,302.6579,5.2570,2.2928,289,289,100.00
A2020329,2020-11-24,VNP21A2,LST_Day_1KM,296.1400,307.2000,87542.1562,11.0600,302.9140,2.9177,1.7081,289,289,100.00
A2020337,2020-12-02,VNP21A2,LST_Day_1KM,296.6800,311.3200,88698.5859,14.6400,306.9155,4.1008,2.0251,289,289,100.00
A2020345,2020-12-10,VNP21A2,LST_Day_1KM,294.8200,304.6200,86889.1641,9.8000,300.6545,3.0903,1.7579,289,289,100.00
A2020353,2020-12-18,VNP21A2,LST_Day_1KM,292.2400,305.0200,86866.5156,12.7800,300.5762,3.7339,1.9323,289,289,100.00
A2020361,2020-12-26,VNP21A2,LST_Day_1KM,291.5400,303.1000,86428.0625,11.5600,299.0591,3.0970,1.7598,289,289,100.00
A2021001,2021-01-01,VNP21A2,LST_Day_1KM,292.3800,301.1400,86159.6562,8.7600,298.1303,1.6881,1.2993,289,289,100.00
A2021009,2021-01-09,VNP21A2,LST_Day_1KM,292.6800,303.5800,86718.1094,10.9000,300.0627,2.7904,1.6704,289,289,100.00
A2021017,2021-01-17,VNP21A2,LST_Day_1KM,292.7400,306.2200,87367.1953,13.4800,302.3086,3.2793,1.8109,289,289,100.00
A2021025,2021-01-25,VNP21A2,LST_Day_1KM,293.8000,306.9600,87403.8984,13.1600,302.4356,4.5005,2.1214,289,289,100.00
A2021033,2021-02-02,VNP21A2,LST_Day_1KM,294.3800,310.2400,88231.1016,15.8600,305.2979,5.2204,2.2848,289,289,100.00
A2021041,2021-02-10,VNP21A2,LST_Day_1KM,297.8600,313.0400,88927.0859,15.1800,307.7062,6.0557,2.4608,289,289,100.00
A2021049,2021-02-18,VNP21A2,LST_Day_1KM,299.4000,314.5200,89547.1641,15.1200,309.8518,5.7904,2.4063,289,289,100.00
A2021057,2021-02-26,VNP21A2,LST_Day_1KM,299.1000,317.8200,90434.5781,18.7200,312.9224,7.3206,2.7057,289,289,100.00
A2021065,2021-03-06,VNP21A2,LST_Day_1KM,301.0000,318.8200,90701.5469,17.8200,313.8462,6.9974,2.6453,289,289,100.00
A2021073,2021-03-14,VNP21A2,LST_Day_1KM,301.9800,321.2200,91089.4844,19.2400,315.1885,9.3538,3.0584,289,289,100.00
A2021081,2021-03-22,VNP21A2,LST_Day_1KM,301.8000,321.8400,91277.2812,20.0400,315.8383,7.6430,2.7646,289,289,100.00
A2021089,2021-03-30,VNP21A2,LST_Day_1KM,301.4800,324.1600,92212.1641,22.6800,319.0732,9.3024,3.0500,289,289,100.00
A2021097,2021-04-07,VNP21A2,LST_Day_1KM,301.8000,325.6400,92274.0781,23.8400,319.2875,10.0068,3.1633,289,289,100.00
A2021105,2021-04-15,VNP21A2,LST_Day_1KM,302.0400,324.7200,92223.2266,22.6800,319.1115,9.6006,3.0985,289,289,100.00
A2021113,2021-04-23,VNP21A2,LST_Day_1KM,305.2000,329.7400,93052.0078,24.5400,321.9793,11.5426,3.3974,289,289,100.00
A2021121,2021-05-01,VNP21A2,LST_Day_1KM,305.5200,328.4600,93025.6484,22.9400,321.8881,13.2329,3.6377,289,289,100.00
A2021129,2021-05-09,VNP21A2,LST_Day_1KM,304.9400,328.8600,92657.5781,23.9200,320.6145,14.0078,3.7427,289,289,100.00
A2021137,2021-05-17,VNP21A2,LST_Day_1KM,301.9400,314.7600,89653.8125,12.8200,310.2208,2.3310,1.5268,289,289,100.00
A2021145,2021-05-25,VNP21A2,LST_Day_1KM,303.7200,320.1200,91114.4531,16.4000,315.2749,5.6835,2.3840,289,289,100.00
A2021153,2021-06-02,VNP21A2,LST_Day_1KM,304.0000,326.0400,91885.2422,22.0400,317.9420,11.1885,3.3449,289,289,100.00
A2021161,2021-06-10,VNP21A2,LST_Day_1KM,305.5600,325.1400,91893.5859,19.5800,317.9709,11.7294,3.4248,289,289,100.00
A2021169,2021-06-18,VNP21A2,LST_Day_1KM,305.6800,321.8400,91242.4766,16.1600,315.7179,7.9104,2.8125,289,289,100.00
A2021177,2021-06-26,VNP21A2,LST_Day_1KM,305.6200,329.8800,91727.7734,24.2600,317.3971,18.1412,4.2593,289,289,100.00
A2021185,2021-07-04,VNP21A2,LST_Day_1KM,308.6200,332.3200,92384.0078,23.7000,319.6678,7.3198,2.7055,289,289,100.00
A2021193,2021-07-12,VNP21A2,LST_Day_1KM,288.4800,336.6800,82748.2812,48.2000,320.7298,52.5145,7.2467,289,258,89.27
A2021201,2021-07-20,VNP21A2,LST_Day_1KM,284.8800,338.2800,40208.1367,53.4000,309.2934,93.6626,9.6779,289,130,44.98
A2021209,2021-07-28,VNP21A2,LST_Day_1KM,282.9200,285.1600,1136.1600,2.2400,284.0400,1.2544,1.1200,289,4,1.38
A2021217,2021-08-05,VNP21A2,LST_Day_1KM,302.6200,327.4200,89666.4766,24.8000,311.3419,13.5530,3.6814,289,288,99.65
A2021225,2021-08-13,VNP21A2,LST_Day_1KM,301.1400,329.9400,90075.5000,28.8000,311.6799,12.8660,3.5869,289,289,100.00
A2021233,2021-08-21,VNP21A2,LST_Day_1KM,301.5400,321.9600,90345.4062,20.4200,312.6139,8.2605,2.8741,289,289,100.00
A2021241,2021-08-29,VNP21A2,LST_Day_1KM,300.9000,320.7200,72732.6719,19.8200,310.8234,10.2929,3.2083,289,234,80.97
A2021249,2021-09-06,VNP21A2,LST_Day_1KM,285.4800,322.6600,77903.7656,37.1800,307.9200,21.9653,4.6867,289,253,87.54
A2021257,2021-09-14,VNP21A2,LST_Day_1KM,291.7800,336.0200,72541.9844,44.2400,306.0843,18.3479,4.2834,289,237,82.01
A2021265,2021-09-22,VNP21A2,LST_Day_1KM,298.6400,325.4600,88834.6016,26.8200,308.4535,15.6676,3.9582,289,288,99.65
A2021273,2021-09-30,VNP21A2,LST_Day_1KM,298.1400,320.5400,89273.3438,22.4000,308.9043,10.1248,3.1820,289,289,100.00
A2021281,2021-10-08,VNP21A2,LST_Day_1KM,304.2600,313.9600,89711.1953,9.7000,310.4194,3.6944,1.9221,289,289,100.00
A2021289,2021-10-16,VNP21A2,LST_Day_1KM,301.1000,313.6200,89188.1016,12.5200,308.6093,3.9422,1.9855,289,289,100.00
A2021297,2021-10-24,VNP21A2,LST_Day_1KM,299.7000,311.8600,88520.9688,12.1600,306.3009,4.6769,2.1626,289,289,100.00
A2021305,2021-11-01,VNP21A2,LST_Day_1KM,298.7000,314.8000,88744.8438,16.1000,307.0756,7.0536,2.6559,289,289,100.00
A2021313,2021-11-09,VNP21A2,LST_Day_1KM,298.5400,311.5600,88415.3047,13.0200,305.9353,4.6870,2.1650,289,289,100.00
A2021321,2021-11-17,VNP21A2,LST_Day_1KM,297.1400,309.0200,87815.8594,11.8800,303.8611,3.9082,1.9769,289,289,100.00
A2021329,2021-11-25,VNP21A2,LST_Day_1KM,297.2000,311.1000,88300.3516,13.9000,305.5375,4.8461,2.2014,289,289,100.00
A2021337,2021-12-03,VNP21A2,LST_Day_1KM,295.1800,306.7200,87144.5547,11.5400,301.5382,3.8010,1.9496,289,289,100.00
A2021345,2021-12-11,VNP21A2,LST_Day_1KM,293.4600,303.6000,86428.1562,10.1400,299.0594,3.2209,1.7947,289,289,100.00
A2021353,2021-12-19,VNP21A2,LST_Day_1KM,293.1200,307.0000,86926.6250,13.8800,300.7842,4.6605,2.1588,289,289,100.00
A2021361,2021-12-27,VNP21A2,LST_Day_1KM,290.2600,302.6400,86066.6875,12.3800,297.8086,4.8254,2.1967,289,289,100.00
A2022001,2022-01-01,VNP21A2,LST_Day_1KM,289.2400,304.7400,86096.7969,15.5000,297.9128,7.1988,2.6831,289,289,100.00
A2022009,2022-01-09,VNP21A2,LST_Day_1KM,290.2400,298.0600,85312.4844,7.8200,295.1989,1.8997,1.3783,289,289,100.00
A2022017,2022-01-17,VNP21A2,LST_Day_1KM,290.2400,301.9400,86064.9531,11.7000,297.8026,3.5539,1.8852,289,289,100.00
